[
{"id":"1","country_code":"LK","bank_code":"7010","bank_name":"Bank of Ceylon","collecting_bank":"0","fund_transfer_type":"1","locked":"1","edited":"0","disabled":"0","deleted":"0","created_at":"2017-11-06 06:35:46","updated_at":"2017-11-06 06:35:46"},
{"id":"2","country_code":"LK","bank_code":"7038","bank_name":"Standard Chartered Bank","collecting_bank":"0","fund_transfer_type":"1","locked":"1","edited":"0","disabled":"0","deleted":"0","created_at":"2017-11-06 06:35:46","updated_at":"2017-11-06 06:35:46"},
{"id":"3","country_code":"LK","bank_code":"7047","bank_name":"Citi bank N. A.","collecting_bank":"0","fund_transfer_type":"1","locked":"1","edited":"0","disabled":"0","deleted":"0","created_at":"2017-11-06 06:35:46","updated_at":"2017-11-06 06:35:46"},
{"id":"4","country_code":"LK","bank_code":"7056","bank_name":"Commercial Bank Of Ceylon PLC","collecting_bank":"0","fund_transfer_type":"1","locked":"1","edited":"0","disabled":"0","deleted":"0","created_at":"2017-11-06 06:35:46","updated_at":"2017-11-06 06:35:46"},
{"id":"5","country_code":"LK","bank_code":"7074","bank_name":"Habib Bank Limited","collecting_bank":"0","fund_transfer_type":"1","locked":"1","edited":"0","disabled":"0","deleted":"0","created_at":"2017-11-06 06:35:46","updated_at":"2017-11-06 06:35:46"},
{"id":"6","country_code":"LK","bank_code":"7083","bank_name":"Hatton National Bank PLC","collecting_bank":"0","fund_transfer_type":"1","locked":"1","edited":"0","disabled":"0","deleted":"0","created_at":"2017-11-06 06:35:46","updated_at":"2017-11-06 06:35:46"},
{"id":"7","country_code":"LK","bank_code":"7092","bank_name":"Hongkong and Shanghai Banking Corporation","collecting_bank":"0","fund_transfer_type":"1","locked":"1","edited":"0","disabled":"0","deleted":"0","created_at":"2017-11-06 06:35:46","updated_at":"2017-11-06 06:35:46"},
{"id":"8","country_code":"LK","bank_code":"7108","bank_name":"Indian Bank","collecting_bank":"0","fund_transfer_type":"1","locked":"1","edited":"0","disabled":"0","deleted":"0","created_at":"2017-11-06 06:35:46","updated_at":"2017-11-06 06:35:46"},
{"id":"9","country_code":"LK","bank_code":"7117","bank_name":"Indian Overseas Bank","collecting_bank":"0","fund_transfer_type":"1","locked":"1","edited":"0","disabled":"0","deleted":"0","created_at":"2017-11-06 06:35:46","updated_at":"2017-11-06 06:35:46"},
{"id":"10","country_code":"LK","bank_code":"7135","bank_name":"Peoples Bank","collecting_bank":"0","fund_transfer_type":"1","locked":"1","edited":"0","disabled":"0","deleted":"0","created_at":"2017-11-06 06:35:46","updated_at":"2017-11-06 06:35:46"},
{"id":"11","country_code":"LK","bank_code":"7144","bank_name":"State Bank of India","collecting_bank":"0","fund_transfer_type":"1","locked":"1","edited":"0","disabled":"0","deleted":"0","created_at":"2017-11-06 06:35:46","updated_at":"2017-11-06 06:35:46"},
{"id":"12","country_code":"LK","bank_code":"7162","bank_name":"Nations Trust Bank PLC","collecting_bank":"0","fund_transfer_type":"1","locked":"1","edited":"0","disabled":"0","deleted":"0","created_at":"2017-11-06 06:35:46","updated_at":"2017-11-06 06:35:46"},
{"id":"13","country_code":"LK","bank_code":"7205","bank_name":"Deutsche Bank AG","collecting_bank":"0","fund_transfer_type":"1","locked":"1","edited":"0","disabled":"0","deleted":"0","created_at":"2017-11-06 06:35:46","updated_at":"2017-11-06 06:35:46"},
{"id":"14","country_code":"LK","bank_code":"7214","bank_name":"National Development Bank PLC","collecting_bank":"0","fund_transfer_type":"1","locked":"1","edited":"0","disabled":"0","deleted":"0","created_at":"2017-11-06 06:35:46","updated_at":"2017-11-06 06:35:46"},
{"id":"15","country_code":"LK","bank_code":"7269","bank_name":"MCB Bank Limited","collecting_bank":"0","fund_transfer_type":"1","locked":"1","edited":"0","disabled":"0","deleted":"0","created_at":"2017-11-06 06:35:46","updated_at":"2017-11-06 06:35:46"},
{"id":"16","country_code":"LK","bank_code":"7278","bank_name":"Sampath Bank PLC","collecting_bank":"0","fund_transfer_type":"1","locked":"1","edited":"0","disabled":"0","deleted":"0","created_at":"2017-11-06 06:35:46","updated_at":"2017-11-06 06:35:46"},
{"id":"17","country_code":"LK","bank_code":"7287","bank_name":"Seylan Bank PLC","collecting_bank":"0","fund_transfer_type":"1","locked":"1","edited":"0","disabled":"0","deleted":"0","created_at":"2017-11-06 06:35:46","updated_at":"2017-11-06 06:35:46"},
{"id":"18","country_code":"LK","bank_code":"7296","bank_name":"Public Bank Berhad","collecting_bank":"0","fund_transfer_type":"1","locked":"1","edited":"0","disabled":"0","deleted":"0","created_at":"2017-11-06 06:35:46","updated_at":"2017-11-06 06:35:46"},
{"id":"19","country_code":"LK","bank_code":"7302","bank_name":"Union Bank Of Colombo PLC","collecting_bank":"0","fund_transfer_type":"1","locked":"1","edited":"0","disabled":"0","deleted":"0","created_at":"2017-11-06 06:35:46","updated_at":"2017-11-06 06:35:46"},
{"id":"20","country_code":"LK","bank_code":"7311","bank_name":"Pan Asia Banking Corporation PLC","collecting_bank":"0","fund_transfer_type":"1","locked":"1","edited":"0","disabled":"0","deleted":"0","created_at":"2017-11-06 06:35:46","updated_at":"2017-11-06 06:35:46"},
{"id":"21","country_code":"LK","bank_code":"7384","bank_name":"ICICI Bank Ltd","collecting_bank":"0","fund_transfer_type":"1","locked":"1","edited":"0","disabled":"0","deleted":"0","created_at":"2017-11-06 06:35:46","updated_at":"2017-11-06 06:35:46"},
{"id":"22","country_code":"LK","bank_code":"7454","bank_name":"DFCC Bank PLC","collecting_bank":"0","fund_transfer_type":"1","locked":"1","edited":"0","disabled":"0","deleted":"0","created_at":"2017-11-06 06:35:46","updated_at":"2017-11-06 06:35:46"},
{"id":"23","country_code":"LK","bank_code":"7463","bank_name":"Amana Bank PLC","collecting_bank":"1","fund_transfer_type":"1","locked":"1","edited":"0","disabled":"0","deleted":"0","created_at":"2017-11-06 06:35:46","updated_at":"2017-11-06 06:35:46"},
{"id":"24","country_code":"LK","bank_code":"7472","bank_name":"Axis Bank","collecting_bank":"0","fund_transfer_type":"1","locked":"1","edited":"0","disabled":"0","deleted":"0","created_at":"2017-11-06 06:35:46","updated_at":"2017-11-06 06:35:46"},
{"id":"25","country_code":"LK","bank_code":"7481","bank_name":"Cargills Bank Limited","collecting_bank":"0","fund_transfer_type":"1","locked":"1","edited":"0","disabled":"0","deleted":"0","created_at":"2017-11-06 06:35:46","updated_at":"2017-11-06 06:35:46"},
{"id":"26","country_code":"LK","bank_code":"7719","bank_name":"National Savings Bank","collecting_bank":"0","fund_transfer_type":"1","locked":"1","edited":"0","disabled":"0","deleted":"0","created_at":"2017-11-06 06:35:46","updated_at":"2017-11-06 06:35:46"},
{"id":"27","country_code":"LK","bank_code":"7728","bank_name":"SANASA Development Bank Ltd","collecting_bank":"0","fund_transfer_type":"1","locked":"1","edited":"0","disabled":"0","deleted":"0","created_at":"2017-11-06 06:35:46","updated_at":"2017-11-06 06:35:46"},
{"id":"28","country_code":"LK","bank_code":"7737","bank_name":"HDFC Bank","collecting_bank":"0","fund_transfer_type":"1","locked":"1","edited":"0","disabled":"0","deleted":"0","created_at":"2017-11-06 06:35:46","updated_at":"2017-11-06 06:35:46"},
{"id":"29","country_code":"LK","bank_code":"7746","bank_name":"Citizen Development Business Finance PLC","collecting_bank":"0","fund_transfer_type":"1","locked":"1","edited":"0","disabled":"0","deleted":"0","created_at":"2017-11-06 06:35:46","updated_at":"2017-11-06 06:35:46"},
{"id":"30","country_code":"LK","bank_code":"7755","bank_name":"Regional Development Bank","collecting_bank":"0","fund_transfer_type":"1","locked":"1","edited":"0","disabled":"0","deleted":"0","created_at":"2017-11-06 06:35:46","updated_at":"2017-11-06 06:35:46"},
{"id":"31","country_code":"LK","bank_code":"7764","bank_name":"State Mortgage and Investment Bank","collecting_bank":"0","fund_transfer_type":"1","locked":"1","edited":"0","disabled":"0","deleted":"0","created_at":"2017-11-06 06:35:46","updated_at":"2017-11-06 06:35:46"},
{"id":"32","country_code":"LK","bank_code":"7773","bank_name":"L B Finance PLC","collecting_bank":"0","fund_transfer_type":"1","locked":"1","edited":"0","disabled":"0","deleted":"0","created_at":"2017-11-06 06:35:46","updated_at":"2017-11-06 06:35:46"},
{"id":"33","country_code":"LK","bank_code":"7782","bank_name":"Senkadagala Finance PLC","collecting_bank":"0","fund_transfer_type":"1","locked":"1","edited":"0","disabled":"0","deleted":"0","created_at":"2017-11-06 06:35:46","updated_at":"2017-11-06 06:35:46"},
{"id":"34","country_code":"LK","bank_code":"7807","bank_name":"Commercial Leasing & Finance PLC","collecting_bank":"0","fund_transfer_type":"1","locked":"1","edited":"0","disabled":"0","deleted":"0","created_at":"2017-11-06 06:35:46","updated_at":"2017-11-06 06:35:46"},
{"id":"35","country_code":"LK","bank_code":"7816","bank_name":"Vallibel Finance PLC","collecting_bank":"0","fund_transfer_type":"1","locked":"1","edited":"0","disabled":"0","deleted":"0","created_at":"2017-11-06 06:35:46","updated_at":"2017-11-06 06:35:46"},
{"id":"36","country_code":"LK","bank_code":"7825","bank_name":"Central Finance PLC","collecting_bank":"0","fund_transfer_type":"1","locked":"1","edited":"0","disabled":"0","deleted":"0","created_at":"2017-11-06 06:35:46","updated_at":"2017-11-06 06:35:46"},
{"id":"37","country_code":"LK","bank_code":"7834","bank_name":"Kanrich Finance Limited","collecting_bank":"0","fund_transfer_type":"1","locked":"1","edited":"0","disabled":"0","deleted":"0","created_at":"2017-11-06 06:35:46","updated_at":"2017-11-06 06:35:46"},
{"id":"38","country_code":"LK","bank_code":"7852","bank_name":"Alliance Finance Company PLC","collecting_bank":"0","fund_transfer_type":"1","locked":"1","edited":"0","disabled":"0","deleted":"0","created_at":"2017-11-06 06:35:46","updated_at":"2017-11-06 06:35:46"},
{"id":"39","country_code":"LK","bank_code":"7861","bank_name":"Lanka Orix Finance PLC","collecting_bank":"0","fund_transfer_type":"1","locked":"1","edited":"0","disabled":"0","deleted":"0","created_at":"2017-11-06 06:35:46","updated_at":"2017-11-06 06:35:46"},
{"id":"40","country_code":"LK","bank_code":"7870","bank_name":"Commercial Credit and Finance PLC","collecting_bank":"0","fund_transfer_type":"1","locked":"1","edited":"0","disabled":"0","deleted":"0","created_at":"2017-11-06 06:35:46","updated_at":"2017-11-06 06:35:46"},
{"id":"41","country_code":"LK","bank_code":"7898","bank_name":"Merchant Bank of Sri Lanka & Finance PLC","collecting_bank":"0","fund_transfer_type":"1","locked":"1","edited":"0","disabled":"0","deleted":"0","created_at":"2017-11-06 06:35:46","updated_at":"2017-11-06 06:35:46"},
{"id":"42","country_code":"LK","bank_code":"7913","bank_name":"Mercantile Investments And Finance PLC","collecting_bank":"0","fund_transfer_type":"1","locked":"1","edited":"0","disabled":"0","deleted":"0","created_at":"2017-11-06 06:35:46","updated_at":"2017-11-06 06:35:46"},
{"id":"43","country_code":"LK","bank_code":"7922","bank_name":"People Leasing & Finance PLC","collecting_bank":"0","fund_transfer_type":"1","locked":"1","edited":"0","disabled":"0","deleted":"0","created_at":"2017-11-06 06:35:46","updated_at":"2017-11-06 06:35:46"}
]
